product_id,variant_id,product_name,fabric_type,category,color,size,sleeve_length,available,price_bdt,original_price_bdt,discount_bdt,fit_type,features,occasion,description,image_url,product_url,handle,updated_at
15379316212012,67553458815276,Bamboo Fabric Shirt,Bamboo,Formal Shirt,Light Blue Ash,M,,True,800.00,850.00,50.00,Smart Formal Fit,Lightweight | Breathable | Comfortable | Premium stitching | Premium finishing,Office | Business meetings | Formal events | Everyday smart wear,"👔✨ Premium Bamboo Fabric Formal Shirt ✨👔 | | Classic elegance meets everyday comfort. 😎 | | ✔ Premium Bamboo Fabrics | ✔ Lightweight & Breathable | ✔ Comfortable Feel | ✔ Smart Formal Fit | ✔ Premium Stitching & Perfect Finishing | | Perfect for office, business meetings, formal events, and everyday smart wear. Stay cool while looking sharp. ✨ | | 🔥 **Available Now – Limited Stock** | 📩 Oder your favorite color and size! | | What’s app: 01332-476440",https://cdn.shopify.com/s/files/1/0984/3772/6508/files/rn-image_picker_lib_temp_9909c1db-61fa-4ad2-b385-9ef16e9b53f6.jpg?v=1790802487,https://zavrabd.myshopify.com/products/cross-fabric-shirt-5,cross-fabric-shirt-5,2026-10-09T23:55:22+06:00
15379316212012,67553459208492,Bamboo Fabric Shirt,Bamboo,Formal Shirt,Light Blue Ash,L,,True,800.00,850.00,50.00,Smart Formal Fit,Lightweight | Breathable | Comfortable | Premium stitching | Premium finishing,Office | Business meetings | Formal events | Everyday smart wear,"👔✨ Premium Bamboo Fabric Formal Shirt ✨👔 | | Classic elegance meets everyday comfort. 😎 | | ✔ Premium Bamboo Fabrics | ✔ Lightweight & Breathable | ✔ Comfortable Feel | ✔ Smart Formal Fit | ✔ Premium Stitching & Perfect Finishing | | Perfect for office, business meetings, formal events, and everyday smart wear. Stay cool while looking sharp. ✨ | | 🔥 **Available Now – Limited Stock** | 📩 Oder your favorite color and size! | | What’s app: 01332-476440",https://cdn.shopify.com/s/files/1/0984/3772/6508/files/rn-image_picker_lib_temp_9909c1db-61fa-4ad2-b385-9ef16e9b53f6.jpg?v=1790802487,https://zavrabd.myshopify.com/products/cross-fabric-shirt-5,cross-fabric-shirt-5,2026-10-09T23:55:22+06:00
15379316212012,67553459241260,Bamboo Fabric Shirt,Bamboo,Formal Shirt,Light Blue Ash,XL,,True,800.00,850.00,50.00,Smart Formal Fit,Lightweight | Breathable | Comfortable | Premium stitching | Premium finishing,Office | Business meetings | Formal events | Everyday smart wear,"👔✨ Premium Bamboo Fabric Formal Shirt ✨👔 | | Classic elegance meets everyday comfort. 😎 | | ✔ Premium Bamboo Fabrics | ✔ Lightweight & Breathable | ✔ Comfortable Feel | ✔ Smart Formal Fit | ✔ Premium Stitching & Perfect Finishing | | Perfect for office, business meetings, formal events, and everyday smart wear. Stay cool while looking sharp. ✨ | | 🔥 **Available Now – Limited Stock** | 📩 Oder your favorite color and size! | | What’s app: 01332-476440",https://cdn.shopify.com/s/files/1/0984/3772/6508/files/rn-image_picker_lib_temp_9909c1db-61fa-4ad2-b385-9ef16e9b53f6.jpg?v=1790802487,https://zavrabd.myshopify.com/products/cross-fabric-shirt-5,cross-fabric-shirt-5,2026-10-09T23:55:22+06:00
15379314508076,67553448591660,Cross Fabric Shirt,Cross,Formal Shirt,Deep Galaxy Blue,M,,True,700.00,750.00,50.00,Smart Formal Fit,Lightweight | Breathable | Comfortable | Premium stitching | Premium finishing,Office | Business meetings | Formal events | Everyday smart wear,"👔✨ Premium China Cross Fabric Formal Shirt ✨👔 | | Classic elegance meets everyday comfort. 😎 | | ✔ Premium Cross Fabric | ✔ Lightweight & Breathable | ✔ Comfortable Feel | ✔ Smart Formal Fit | ✔ Premium Stitching & Perfect Finishing | | Perfect for office, business meetings, formal events, and everyday smart wear. Stay cool while looking sharp. ✨ | | 🔥 **Available Now – Limited Stock** | 📩 Oder your favorite color and size! | | What’s app: 01332-476440",https://cdn.shopify.com/s/files/1/0984/3772/6508/files/rn-image_picker_lib_temp_960079cf-4564-44f7-b565-a24533b50d9c.jpg?v=1790801945,https://zavrabd.myshopify.com/products/cross-fabric-shirt-4,cross-fabric-shirt-4,2026-10-09T23:55:22+06:00
15379314508076,67553451704620,Cross Fabric Shirt,Cross,Formal Shirt,Deep Galaxy Blue,L,,False,700.00,750.00,50.00,Smart Formal Fit,Lightweight | Breathable | Comfortable | Premium stitching | Premium finishing,Office | Business meetings | Formal events | Everyday smart wear,"👔✨ Premium China Cross Fabric Formal Shirt ✨👔 | | Classic elegance meets everyday comfort. 😎 | | ✔ Premium Cross Fabric | ✔ Lightweight & Breathable | ✔ Comfortable Feel | ✔ Smart Formal Fit | ✔ Premium Stitching & Perfect Finishing | | Perfect for office, business meetings, formal events, and everyday smart wear. Stay cool while looking sharp. ✨ | | 🔥 **Available Now – Limited Stock** | 📩 Oder your favorite color and size! | | What’s app: 01332-476440",https://cdn.shopify.com/s/files/1/0984/3772/6508/files/rn-image_picker_lib_temp_960079cf-4564-44f7-b565-a24533b50d9c.jpg?v=1790801945,https://zavrabd.myshopify.com/products/cross-fabric-shirt-4,cross-fabric-shirt-4,2026-10-09T23:55:22+06:00
15379314508076,67553451737388,Cross Fabric Shirt,Cross,Formal Shirt,Deep Galaxy Blue,XL,,False,700.00,750.00,50.00,Smart Formal Fit,Lightweight | Breathable | Comfortable | Premium stitching | Premium finishing,Office | Business meetings | Formal events | Everyday smart wear,"👔✨ Premium China Cross Fabric Formal Shirt ✨👔 | | Classic elegance meets everyday comfort. 😎 | | ✔ Premium Cross Fabric | ✔ Lightweight & Breathable | ✔ Comfortable Feel | ✔ Smart Formal Fit | ✔ Premium Stitching & Perfect Finishing | | Perfect for office, business meetings, formal events, and everyday smart wear. Stay cool while looking sharp. ✨ | | 🔥 **Available Now – Limited Stock** | 📩 Oder your favorite color and size! | | What’s app: 01332-476440",https://cdn.shopify.com/s/files/1/0984/3772/6508/files/rn-image_picker_lib_temp_960079cf-4564-44f7-b565-a24533b50d9c.jpg?v=1790801945,https://zavrabd.myshopify.com/products/cross-fabric-shirt-4,cross-fabric-shirt-4,2026-10-09T23:55:22+06:00
15379312967980,67553436860716,Cross Fabric Shirt,Cross,Formal Shirt,Lime Green,M,Long,True,700.00,750.00,50.00,Smart Formal Fit,Lightweight | Breathable | Comfortable | Premium stitching | Premium finishing,Office | Business meetings | Formal events | Everyday smart wear,"👔✨ Premium China Cross Fabric Formal Shirt ✨👔 | | Classic elegance meets everyday comfort. 😎 | | ✔ Premium Cross Fabric | ✔ Lightweight & Breathable | ✔ Comfortable Feel | ✔ Smart Formal Fit | ✔ Premium Stitching & Perfect Finishing | | Perfect for office, business meetings, formal events, and everyday smart wear. Stay cool while looking sharp. ✨ | | 🔥 **Available Now – Limited Stock** | 📩 Oder your favorite color and size! | | What’s app: 01332-476440",https://cdn.shopify.com/s/files/1/0984/3772/6508/files/rn-image_picker_lib_temp_0e7cb4c9-84f3-44ad-aab9-7e4da6d5c9f2.jpg?v=1790801945,https://zavrabd.myshopify.com/products/cross-fabric-shirt-3,cross-fabric-shirt-3,2026-10-09T23:55:22+06:00
15379312967980,67553438368044,Cross Fabric Shirt,Cross,Formal Shirt,Lime Green,L,Long,True,700.00,750.00,50.00,Smart Formal Fit,Lightweight | Breathable | Comfortable | Premium stitching | Premium finishing,Office | Business meetings | Formal events | Everyday smart wear,"👔✨ Premium China Cross Fabric Formal Shirt ✨👔 | | Classic elegance meets everyday comfort. 😎 | | ✔ Premium Cross Fabric | ✔ Lightweight & Breathable | ✔ Comfortable Feel | ✔ Smart Formal Fit | ✔ Premium Stitching & Perfect Finishing | | Perfect for office, business meetings, formal events, and everyday smart wear. Stay cool while looking sharp. ✨ | | 🔥 **Available Now – Limited Stock** | 📩 Oder your favorite color and size! | | What’s app: 01332-476440",https://cdn.shopify.com/s/files/1/0984/3772/6508/files/rn-image_picker_lib_temp_0e7cb4c9-84f3-44ad-aab9-7e4da6d5c9f2.jpg?v=1790801945,https://zavrabd.myshopify.com/products/cross-fabric-shirt-3,cross-fabric-shirt-3,2026-10-09T23:55:22+06:00
15379312967980,67553438400812,Cross Fabric Shirt,Cross,Formal Shirt,Lime Green,XL,Long,False,700.00,750.00,50.00,Smart Formal Fit,Lightweight | Breathable | Comfortable | Premium stitching | Premium finishing,Office | Business meetings | Formal events | Everyday smart wear,"👔✨ Premium China Cross Fabric Formal Shirt ✨👔 | | Classic elegance meets everyday comfort. 😎 | | ✔ Premium Cross Fabric | ✔ Lightweight & Breathable | ✔ Comfortable Feel | ✔ Smart Formal Fit | ✔ Premium Stitching & Perfect Finishing | | Perfect for office, business meetings, formal events, and everyday smart wear. Stay cool while looking sharp. ✨ | | 🔥 **Available Now – Limited Stock** | 📩 Oder your favorite color and size! | | What’s app: 01332-476440",https://cdn.shopify.com/s/files/1/0984/3772/6508/files/rn-image_picker_lib_temp_0e7cb4c9-84f3-44ad-aab9-7e4da6d5c9f2.jpg?v=1790801945,https://zavrabd.myshopify.com/products/cross-fabric-shirt-3,cross-fabric-shirt-3,2026-10-09T23:55:22+06:00
15379312083244,67553429225772,Cross Fabric Shirt,Cross,Formal Shirt,White,M,Long,True,700.00,750.00,50.00,Smart Formal Fit,Lightweight | Breathable | Comfortable | Premium stitching | Premium finishing,Office | Business meetings | Formal events | Everyday smart wear,"👔✨ Premium China Cross Fabric Formal Shirt ✨👔 | | Classic elegance meets everyday comfort. 😎 | | ✔ Premium Cross Fabric | ✔ Lightweight & Breathable | ✔ Comfortable Feel | ✔ Smart Formal Fit | ✔ Premium Stitching & Perfect Finishing | | Perfect for office, business meetings, formal events, and everyday smart wear. Stay cool while looking sharp. ✨ | | 🔥 **Available Now – Limited Stock** | 📩 Oder your favorite color and size! | | What’s app: 01332-476440",https://cdn.shopify.com/s/files/1/0984/3772/6508/files/rn-image_picker_lib_temp_44e11231-86e7-4ac7-b49e-fbc7df1b8bba.jpg?v=1790801944,https://zavrabd.myshopify.com/products/cross-fabric-shirt-2,cross-fabric-shirt-2,2026-10-09T23:55:22+06:00
15379312083244,67553430438188,Cross Fabric Shirt,Cross,Formal Shirt,White,L,Long,True,700.00,750.00,50.00,Smart Formal Fit,Lightweight | Breathable | Comfortable | Premium stitching | Premium finishing,Office | Business meetings | Formal events | Everyday smart wear,"👔✨ Premium China Cross Fabric Formal Shirt ✨👔 | | Classic elegance meets everyday comfort. 😎 | | ✔ Premium Cross Fabric | ✔ Lightweight & Breathable | ✔ Comfortable Feel | ✔ Smart Formal Fit | ✔ Premium Stitching & Perfect Finishing | | Perfect for office, business meetings, formal events, and everyday smart wear. Stay cool while looking sharp. ✨ | | 🔥 **Available Now – Limited Stock** | 📩 Oder your favorite color and size! | | What’s app: 01332-476440",https://cdn.shopify.com/s/files/1/0984/3772/6508/files/rn-image_picker_lib_temp_44e11231-86e7-4ac7-b49e-fbc7df1b8bba.jpg?v=1790801944,https://zavrabd.myshopify.com/products/cross-fabric-shirt-2,cross-fabric-shirt-2,2026-10-09T23:55:22+06:00
15379312083244,67553430470956,Cross Fabric Shirt,Cross,Formal Shirt,White,XL,Long,True,700.00,750.00,50.00,Smart Formal Fit,Lightweight | Breathable | Comfortable | Premium stitching | Premium finishing,Office | Business meetings | Formal events | Everyday smart wear,"👔✨ Premium China Cross Fabric Formal Shirt ✨👔 | | Classic elegance meets everyday comfort. 😎 | | ✔ Premium Cross Fabric | ✔ Lightweight & Breathable | ✔ Comfortable Feel | ✔ Smart Formal Fit | ✔ Premium Stitching & Perfect Finishing | | Perfect for office, business meetings, formal events, and everyday smart wear. Stay cool while looking sharp. ✨ | | 🔥 **Available Now – Limited Stock** | 📩 Oder your favorite color and size! | | What’s app: 01332-476440",https://cdn.shopify.com/s/files/1/0984/3772/6508/files/rn-image_picker_lib_temp_44e11231-86e7-4ac7-b49e-fbc7df1b8bba.jpg?v=1790801944,https://zavrabd.myshopify.com/products/cross-fabric-shirt-2,cross-fabric-shirt-2,2026-10-09T23:55:22+06:00
15379309199660,67553411629356,Cross Fabric Shirt,Cross,Formal Shirt,Dusty Pink,M,Long,True,700.00,750.00,50.00,Smart Formal Fit,Lightweight | Breathable | Comfortable | Premium stitching | Premium finishing,Office | Business meetings | Formal events | Everyday smart wear,"👔✨ Premium China Cross Fabric Formal Shirt ✨👔 | Classic elegance meets everyday comfort. 😎 | ✔ Premium Cross Fabric | ✔ Lightweight & Breathable | ✔ Comfortable Feel | ✔ Smart Formal Fit | ✔ Premium Stitching & Perfect Finishing | Perfect for office, business meetings, formal events, and everyday smart wear. Stay cool while looking sharp. ✨ | 🔥 **Available Now – Limited Stock** | 📩 Oder your favorite color and size! | | What’s app: 01332-476440",https://cdn.shopify.com/s/files/1/0984/3772/6508/files/rn-image_picker_lib_temp_3fbc7ddd-df21-4ad7-bdd0-28ecfca0f176.jpg?v=1790801945,https://zavrabd.myshopify.com/products/cross-fabric-shirt-1,cross-fabric-shirt-1,2026-10-09T23:55:22+06:00
15379309199660,67553412186412,Cross Fabric Shirt,Cross,Formal Shirt,Dusty Pink,L,Long,True,700.00,750.00,50.00,Smart Formal Fit,Lightweight | Breathable | Comfortable | Premium stitching | Premium finishing,Office | Business meetings | Formal events | Everyday smart wear,"👔✨ Premium China Cross Fabric Formal Shirt ✨👔 | Classic elegance meets everyday comfort. 😎 | ✔ Premium Cross Fabric | ✔ Lightweight & Breathable | ✔ Comfortable Feel | ✔ Smart Formal Fit | ✔ Premium Stitching & Perfect Finishing | Perfect for office, business meetings, formal events, and everyday smart wear. Stay cool while looking sharp. ✨ | 🔥 **Available Now – Limited Stock** | 📩 Oder your favorite color and size! | | What’s app: 01332-476440",https://cdn.shopify.com/s/files/1/0984/3772/6508/files/rn-image_picker_lib_temp_3fbc7ddd-df21-4ad7-bdd0-28ecfca0f176.jpg?v=1790801945,https://zavrabd.myshopify.com/products/cross-fabric-shirt-1,cross-fabric-shirt-1,2026-10-09T23:55:22+06:00
15379309199660,67553412219180,Cross Fabric Shirt,Cross,Formal Shirt,Dusty Pink,XL,Long,False,700.00,750.00,50.00,Smart Formal Fit,Lightweight | Breathable | Comfortable | Premium stitching | Premium finishing,Office | Business meetings | Formal events | Everyday smart wear,"👔✨ Premium China Cross Fabric Formal Shirt ✨👔 | Classic elegance meets everyday comfort. 😎 | ✔ Premium Cross Fabric | ✔ Lightweight & Breathable | ✔ Comfortable Feel | ✔ Smart Formal Fit | ✔ Premium Stitching & Perfect Finishing | Perfect for office, business meetings, formal events, and everyday smart wear. Stay cool while looking sharp. ✨ | 🔥 **Available Now – Limited Stock** | 📩 Oder your favorite color and size! | | What’s app: 01332-476440",https://cdn.shopify.com/s/files/1/0984/3772/6508/files/rn-image_picker_lib_temp_3fbc7ddd-df21-4ad7-bdd0-28ecfca0f176.jpg?v=1790801945,https://zavrabd.myshopify.com/products/cross-fabric-shirt-1,cross-fabric-shirt-1,2026-10-09T23:55:22+06:00
15379284492588,67553281409324,Chinese Micro Fabric Shirt,Chinese Micro,Formal Shirt,Deep Maroon,M,,True,600.00,650.00,50.00,Smart Formal Fit,Lightweight | Breathable | Comfortable | Premium stitching | Premium finishing,Office | Business meetings | Formal events | Everyday smart wear,"👔✨ Premium China Micro Fabric Formal Shirt ✨👔 | Classic elegance meets everyday comfort. 😎 | ✔ Premium China Micro Fabric | ✔ Lightweight & Breathable | ✔ Comfortable Feel | ✔ Smart Formal Fit | ✔ Premium Stitching & Perfect Finishing | Perfect for office, business meetings, formal events, and everyday smart wear. Stay cool while looking sharp. ✨ | 🔥 **Available Now – Limited Stock** | 📩 Order your favorite color and size! | What’s app: 01332-476440",https://cdn.shopify.com/s/files/1/0984/3772/6508/files/rn-image_picker_lib_temp_24f760aa-8c56-49b6-8bb4-6a35d9f2c09d.jpg?v=1790800817,https://zavrabd.myshopify.com/products/chinese-micro-fabric-shirt-2,chinese-micro-fabric-shirt-2,2026-10-09T23:55:22+06:00
15379284492588,67553282294060,Chinese Micro Fabric Shirt,Chinese Micro,Formal Shirt,Deep Maroon,L,,False,600.00,650.00,50.00,Smart Formal Fit,Lightweight | Breathable | Comfortable | Premium stitching | Premium finishing,Office | Business meetings | Formal events | Everyday smart wear,"👔✨ Premium China Micro Fabric Formal Shirt ✨👔 | Classic elegance meets everyday comfort. 😎 | ✔ Premium China Micro Fabric | ✔ Lightweight & Breathable | ✔ Comfortable Feel | ✔ Smart Formal Fit | ✔ Premium Stitching & Perfect Finishing | Perfect for office, business meetings, formal events, and everyday smart wear. Stay cool while looking sharp. ✨ | 🔥 **Available Now – Limited Stock** | 📩 Order your favorite color and size! | What’s app: 01332-476440",https://cdn.shopify.com/s/files/1/0984/3772/6508/files/rn-image_picker_lib_temp_24f760aa-8c56-49b6-8bb4-6a35d9f2c09d.jpg?v=1790800817,https://zavrabd.myshopify.com/products/chinese-micro-fabric-shirt-2,chinese-micro-fabric-shirt-2,2026-10-09T23:55:22+06:00
15379284492588,67553282326828,Chinese Micro Fabric Shirt,Chinese Micro,Formal Shirt,Deep Maroon,XL,,True,600.00,650.00,50.00,Smart Formal Fit,Lightweight | Breathable | Comfortable | Premium stitching | Premium finishing,Office | Business meetings | Formal events | Everyday smart wear,"👔✨ Premium China Micro Fabric Formal Shirt ✨👔 | Classic elegance meets everyday comfort. 😎 | ✔ Premium China Micro Fabric | ✔ Lightweight & Breathable | ✔ Comfortable Feel | ✔ Smart Formal Fit | ✔ Premium Stitching & Perfect Finishing | Perfect for office, business meetings, formal events, and everyday smart wear. Stay cool while looking sharp. ✨ | 🔥 **Available Now – Limited Stock** | 📩 Order your favorite color and size! | What’s app: 01332-476440",https://cdn.shopify.com/s/files/1/0984/3772/6508/files/rn-image_picker_lib_temp_24f760aa-8c56-49b6-8bb4-6a35d9f2c09d.jpg?v=1790800817,https://zavrabd.myshopify.com/products/chinese-micro-fabric-shirt-2,chinese-micro-fabric-shirt-2,2026-10-09T23:55:22+06:00
15379283050796,67553274495276,Chinese Micro Fabric Shirt,Chinese Micro,Formal Shirt,White,M,,True,600.00,650.00,50.00,Smart Formal Fit,Lightweight | Breathable | Comfortable | Premium stitching | Premium finishing,Office | Business meetings | Formal events | Everyday smart wear,"👔✨ Premium China Micro Fabric Formal Shirt ✨👔 | Classic elegance meets everyday comfort. 😎 | ✔ Premium China Micro Fabric | ✔ Lightweight & Breathable | ✔ Comfortable Feel | ✔ Smart Formal Fit | ✔ Premium Stitching & Perfect Finishing | Perfect for office, business meetings, formal events, and everyday smart wear. Stay cool while looking sharp. ✨ | 🔥 **Available Now – Limited Stock** | 📩 Order your favorite color and size! | What’s app: 01332-476440",https://cdn.shopify.com/s/files/1/0984/3772/6508/files/11007.jpg?v=1790801012,https://zavrabd.myshopify.com/products/%F0%9F%91%94%E2%9C%A8-premium-china-micro-fabric-formal-shirt-%E2%9C%A8%F0%9F%91%94,👔✨-premium-china-micro-fabric-formal-shirt-✨👔,2026-10-09T23:55:22+06:00
15379283050796,67553274921260,Chinese Micro Fabric Shirt,Chinese Micro,Formal Shirt,White,L,,True,600.00,650.00,50.00,Smart Formal Fit,Lightweight | Breathable | Comfortable | Premium stitching | Premium finishing,Office | Business meetings | Formal events | Everyday smart wear,"👔✨ Premium China Micro Fabric Formal Shirt ✨👔 | Classic elegance meets everyday comfort. 😎 | ✔ Premium China Micro Fabric | ✔ Lightweight & Breathable | ✔ Comfortable Feel | ✔ Smart Formal Fit | ✔ Premium Stitching & Perfect Finishing | Perfect for office, business meetings, formal events, and everyday smart wear. Stay cool while looking sharp. ✨ | 🔥 **Available Now – Limited Stock** | 📩 Order your favorite color and size! | What’s app: 01332-476440",https://cdn.shopify.com/s/files/1/0984/3772/6508/files/11007.jpg?v=1790801012,https://zavrabd.myshopify.com/products/%F0%9F%91%94%E2%9C%A8-premium-china-micro-fabric-formal-shirt-%E2%9C%A8%F0%9F%91%94,👔✨-premium-china-micro-fabric-formal-shirt-✨👔,2026-10-09T23:55:22+06:00
15379283050796,67553274954028,Chinese Micro Fabric Shirt,Chinese Micro,Formal Shirt,White,XL,,True,600.00,650.00,50.00,Smart Formal Fit,Lightweight | Breathable | Comfortable | Premium stitching | Premium finishing,Office | Business meetings | Formal events | Everyday smart wear,"👔✨ Premium China Micro Fabric Formal Shirt ✨👔 | Classic elegance meets everyday comfort. 😎 | ✔ Premium China Micro Fabric | ✔ Lightweight & Breathable | ✔ Comfortable Feel | ✔ Smart Formal Fit | ✔ Premium Stitching & Perfect Finishing | Perfect for office, business meetings, formal events, and everyday smart wear. Stay cool while looking sharp. ✨ | 🔥 **Available Now – Limited Stock** | 📩 Order your favorite color and size! | What’s app: 01332-476440",https://cdn.shopify.com/s/files/1/0984/3772/6508/files/11007.jpg?v=1790801012,https://zavrabd.myshopify.com/products/%F0%9F%91%94%E2%9C%A8-premium-china-micro-fabric-formal-shirt-%E2%9C%A8%F0%9F%91%94,👔✨-premium-china-micro-fabric-formal-shirt-✨👔,2026-10-09T23:55:22+06:00
15379280462124,67553258242348,Chinese Micro Fabric Shirt,Chinese Micro,Formal Shirt,Black,M,,True,600.00,650.00,50.00,Smart Formal Fit,Lightweight | Breathable | Comfortable | Premium stitching | Premium finishing,Office | Business meetings | Formal events | Everyday smart wear,"👔✨ Premium China Micro Fabric Formal Shirt ✨👔 | Classic elegance meets everyday comfort. 😎 | ✔ Premium China Micro Fabric | ✔ Lightweight & Breathable | ✔ Comfortable Feel | ✔ Smart Formal Fit | ✔ Premium Stitching & Perfect Finishing | Perfect for office, business meetings, formal events, and everyday smart wear. Stay cool while looking sharp. ✨ | 🔥 **Available Now – Limited Stock** | 📩 Oder your favorite color and size! | What’s app: 01332-476440",https://cdn.shopify.com/s/files/1/0984/3772/6508/files/10954.jpg?v=1790801012,https://zavrabd.myshopify.com/products/chinese-micro-fabric-shirt-1,chinese-micro-fabric-shirt-1,2026-10-09T23:55:22+06:00
15379280462124,67553258635564,Chinese Micro Fabric Shirt,Chinese Micro,Formal Shirt,Black,L,,True,600.00,650.00,50.00,Smart Formal Fit,Lightweight | Breathable | Comfortable | Premium stitching | Premium finishing,Office | Business meetings | Formal events | Everyday smart wear,"👔✨ Premium China Micro Fabric Formal Shirt ✨👔 | Classic elegance meets everyday comfort. 😎 | ✔ Premium China Micro Fabric | ✔ Lightweight & Breathable | ✔ Comfortable Feel | ✔ Smart Formal Fit | ✔ Premium Stitching & Perfect Finishing | Perfect for office, business meetings, formal events, and everyday smart wear. Stay cool while looking sharp. ✨ | 🔥 **Available Now – Limited Stock** | 📩 Oder your favorite color and size! | What’s app: 01332-476440",https://cdn.shopify.com/s/files/1/0984/3772/6508/files/10954.jpg?v=1790801012,https://zavrabd.myshopify.com/products/chinese-micro-fabric-shirt-1,chinese-micro-fabric-shirt-1,2026-10-09T23:55:22+06:00
15379280462124,67553258668332,Chinese Micro Fabric Shirt,Chinese Micro,Formal Shirt,Black,XL,,False,600.00,650.00,50.00,Smart Formal Fit,Lightweight | Breathable | Comfortable | Premium stitching | Premium finishing,Office | Business meetings | Formal events | Everyday smart wear,"👔✨ Premium China Micro Fabric Formal Shirt ✨👔 | Classic elegance meets everyday comfort. 😎 | ✔ Premium China Micro Fabric | ✔ Lightweight & Breathable | ✔ Comfortable Feel | ✔ Smart Formal Fit | ✔ Premium Stitching & Perfect Finishing | Perfect for office, business meetings, formal events, and everyday smart wear. Stay cool while looking sharp. ✨ | 🔥 **Available Now – Limited Stock** | 📩 Oder your favorite color and size! | What’s app: 01332-476440",https://cdn.shopify.com/s/files/1/0984/3772/6508/files/10954.jpg?v=1790801012,https://zavrabd.myshopify.com/products/chinese-micro-fabric-shirt-1,chinese-micro-fabric-shirt-1,2026-10-09T23:55:22+06:00
15379275841836,67553246576940,Bamboo Fabric Shirt,Bamboo,Formal Shirt,Light Blue,M,,True,800.00,850.00,50.00,Smart Formal Fit,Lightweight | Breathable | Comfortable | Premium stitching | Premium finishing,Office | Business meetings | Formal events | Everyday smart wear,"👔✨ Premium Bamboo Fabric Formal Shirt ✨👔 | Classic elegance meets everyday comfort. 😎 | ✔ Premium Bamboo Fabric | ✔ Lightweight & Breathable | ✔ Comfortable Feel | ✔ Smart Formal Fit | ✔ Premium Stitching & Perfect Finishing | Perfect for office, business meetings, formal events, and everyday smart wear. Stay cool while looking sharp. ✨ | 🔥 **Available Now – Limited Stock** | 📩 Oder your favorite color and size! | What’s app: 01332-476440",https://cdn.shopify.com/s/files/1/0984/3772/6508/files/rn-image_picker_lib_temp_54f601a6-e40f-42a4-a28b-d01d7037bc94.jpg?v=1790802487,https://zavrabd.myshopify.com/products/bamboo-fabric-shirt,bamboo-fabric-shirt,2026-10-09T23:55:22+06:00
15379275841836,67553247691052,Bamboo Fabric Shirt,Bamboo,Formal Shirt,Light Blue,L,,True,800.00,850.00,50.00,Smart Formal Fit,Lightweight | Breathable | Comfortable | Premium stitching | Premium finishing,Office | Business meetings | Formal events | Everyday smart wear,"👔✨ Premium Bamboo Fabric Formal Shirt ✨👔 | Classic elegance meets everyday comfort. 😎 | ✔ Premium Bamboo Fabric | ✔ Lightweight & Breathable | ✔ Comfortable Feel | ✔ Smart Formal Fit | ✔ Premium Stitching & Perfect Finishing | Perfect for office, business meetings, formal events, and everyday smart wear. Stay cool while looking sharp. ✨ | 🔥 **Available Now – Limited Stock** | 📩 Oder your favorite color and size! | What’s app: 01332-476440",https://cdn.shopify.com/s/files/1/0984/3772/6508/files/rn-image_picker_lib_temp_54f601a6-e40f-42a4-a28b-d01d7037bc94.jpg?v=1790802487,https://zavrabd.myshopify.com/products/bamboo-fabric-shirt,bamboo-fabric-shirt,2026-10-09T23:55:22+06:00
15379275841836,67553247723820,Bamboo Fabric Shirt,Bamboo,Formal Shirt,Light Blue,XL,,False,800.00,850.00,50.00,Smart Formal Fit,Lightweight | Breathable | Comfortable | Premium stitching | Premium finishing,Office | Business meetings | Formal events | Everyday smart wear,"👔✨ Premium Bamboo Fabric Formal Shirt ✨👔 | Classic elegance meets everyday comfort. 😎 | ✔ Premium Bamboo Fabric | ✔ Lightweight & Breathable | ✔ Comfortable Feel | ✔ Smart Formal Fit | ✔ Premium Stitching & Perfect Finishing | Perfect for office, business meetings, formal events, and everyday smart wear. Stay cool while looking sharp. ✨ | 🔥 **Available Now – Limited Stock** | 📩 Oder your favorite color and size! | What’s app: 01332-476440",https://cdn.shopify.com/s/files/1/0984/3772/6508/files/rn-image_picker_lib_temp_54f601a6-e40f-42a4-a28b-d01d7037bc94.jpg?v=1790802487,https://zavrabd.myshopify.com/products/bamboo-fabric-shirt,bamboo-fabric-shirt,2026-10-09T23:55:22+06:00
15379273515308,67553224524076,Cross Fabric Shirt,Cross,Formal Shirt,Deep Maroon,M,Long,True,700.00,750.00,50.00,Smart Formal Fit,Lightweight | Breathable | Comfortable | Premium stitching | Premium finishing,Office | Business meetings | Formal events | Everyday smart wear,"👔✨ Premium China Cross Fabric Formal Shirt ✨👔 | Classic elegance meets everyday comfort. 😎 | ✔ Premium Cross Fabric | ✔ Lightweight & Breathable | ✔ Comfortable Feel | ✔ Smart Formal Fit | ✔ Premium Stitching & Perfect Finishing | Perfect for office, business meetings, formal events, and everyday smart wear. Stay cool while looking sharp. ✨ | 🔥 **Available Now – Limited Stock** | 📩 Oder your favorite color and size! | What’s app: 01332-476440",https://cdn.shopify.com/s/files/1/0984/3772/6508/files/rn-image_picker_lib_temp_18e513a6-4bdd-42c3-88cd-335178b1797d.jpg?v=1790801945,https://zavrabd.myshopify.com/products/cross-fabric-shirt,cross-fabric-shirt,2026-10-09T23:55:22+06:00
15379273515308,67553224556844,Cross Fabric Shirt,Cross,Formal Shirt,Deep Maroon,L,Long,True,700.00,750.00,50.00,Smart Formal Fit,Lightweight | Breathable | Comfortable | Premium stitching | Premium finishing,Office | Business meetings | Formal events | Everyday smart wear,"👔✨ Premium China Cross Fabric Formal Shirt ✨👔 | Classic elegance meets everyday comfort. 😎 | ✔ Premium Cross Fabric | ✔ Lightweight & Breathable | ✔ Comfortable Feel | ✔ Smart Formal Fit | ✔ Premium Stitching & Perfect Finishing | Perfect for office, business meetings, formal events, and everyday smart wear. Stay cool while looking sharp. ✨ | 🔥 **Available Now – Limited Stock** | 📩 Oder your favorite color and size! | What’s app: 01332-476440",https://cdn.shopify.com/s/files/1/0984/3772/6508/files/rn-image_picker_lib_temp_18e513a6-4bdd-42c3-88cd-335178b1797d.jpg?v=1790801945,https://zavrabd.myshopify.com/products/cross-fabric-shirt,cross-fabric-shirt,2026-10-09T23:55:22+06:00
15379273515308,67553224589612,Cross Fabric Shirt,Cross,Formal Shirt,Deep Maroon,XL,Long,False,700.00,750.00,50.00,Smart Formal Fit,Lightweight | Breathable | Comfortable | Premium stitching | Premium finishing,Office | Business meetings | Formal events | Everyday smart wear,"👔✨ Premium China Cross Fabric Formal Shirt ✨👔 | Classic elegance meets everyday comfort. 😎 | ✔ Premium Cross Fabric | ✔ Lightweight & Breathable | ✔ Comfortable Feel | ✔ Smart Formal Fit | ✔ Premium Stitching & Perfect Finishing | Perfect for office, business meetings, formal events, and everyday smart wear. Stay cool while looking sharp. ✨ | 🔥 **Available Now – Limited Stock** | 📩 Oder your favorite color and size! | What’s app: 01332-476440",https://cdn.shopify.com/s/files/1/0984/3772/6508/files/rn-image_picker_lib_temp_18e513a6-4bdd-42c3-88cd-335178b1797d.jpg?v=1790801945,https://zavrabd.myshopify.com/products/cross-fabric-shirt,cross-fabric-shirt,2026-10-09T23:55:22+06:00
15379254706476,67553156038956,Chinese Micro Fabric Shirt,Chinese Micro,Formal Shirt,Dark Green,M,,True,600.00,650.00,50.00,Smart Formal Fit,Lightweight | Breathable | Comfortable | Premium stitching | Premium finishing,Office | Business meetings | Formal events | Everyday smart wear,"👔✨ Premium China Micro Fabric Formal Shirt ✨👔 | Classic elegance meets everyday comfort. 😎 | ✔ Premium China Micro Fabric | ✔ Lightweight & Breathable | ✔ Comfortable Feel | ✔ Smart Formal Fit | ✔ Premium Stitching & Perfect Finishing | Perfect for office, business meetings, formal events, and everyday smart wear. Stay cool while looking sharp. ✨ | | 🔥 **Available Now – Limited Stock** | 📩 Order your favorite color and size! | What’s app: 01332-476440",https://cdn.shopify.com/s/files/1/0984/3772/6508/files/10941.jpg?v=1790801012,https://zavrabd.myshopify.com/products/chinese-micro-fabric-shirt,chinese-micro-fabric-shirt,2026-10-09T23:55:22+06:00
15379254706476,67553156071724,Chinese Micro Fabric Shirt,Chinese Micro,Formal Shirt,Dark Green,L,,True,600.00,650.00,50.00,Smart Formal Fit,Lightweight | Breathable | Comfortable | Premium stitching | Premium finishing,Office | Business meetings | Formal events | Everyday smart wear,"👔✨ Premium China Micro Fabric Formal Shirt ✨👔 | Classic elegance meets everyday comfort. 😎 | ✔ Premium China Micro Fabric | ✔ Lightweight & Breathable | ✔ Comfortable Feel | ✔ Smart Formal Fit | ✔ Premium Stitching & Perfect Finishing | Perfect for office, business meetings, formal events, and everyday smart wear. Stay cool while looking sharp. ✨ | | 🔥 **Available Now – Limited Stock** | 📩 Order your favorite color and size! | What’s app: 01332-476440",https://cdn.shopify.com/s/files/1/0984/3772/6508/files/10941.jpg?v=1790801012,https://zavrabd.myshopify.com/products/chinese-micro-fabric-shirt,chinese-micro-fabric-shirt,2026-10-09T23:55:22+06:00
15379254706476,67553156104492,Chinese Micro Fabric Shirt,Chinese Micro,Formal Shirt,Dark Green,XL,,False,600.00,650.00,50.00,Smart Formal Fit,Lightweight | Breathable | Comfortable | Premium stitching | Premium finishing,Office | Business meetings | Formal events | Everyday smart wear,"👔✨ Premium China Micro Fabric Formal Shirt ✨👔 | Classic elegance meets everyday comfort. 😎 | ✔ Premium China Micro Fabric | ✔ Lightweight & Breathable | ✔ Comfortable Feel | ✔ Smart Formal Fit | ✔ Premium Stitching & Perfect Finishing | Perfect for office, business meetings, formal events, and everyday smart wear. Stay cool while looking sharp. ✨ | | 🔥 **Available Now – Limited Stock** | 📩 Order your favorite color and size! | What’s app: 01332-476440",https://cdn.shopify.com/s/files/1/0984/3772/6508/files/10941.jpg?v=1790801012,https://zavrabd.myshopify.com/products/chinese-micro-fabric-shirt,chinese-micro-fabric-shirt,2026-10-09T23:55:22+06:00
