product_id,product_name,vendor,fabric_type,category,color,available_sizes,unavailable_sizes,all_sizes,price_bdt,original_price_bdt,discount_bdt,available_variant_count,total_variant_count,in_stock,fit_type,features,occasion,description,image_url,additional_image_urls,product_url,handle,published_at,updated_at
15379316212012,Bamboo Fabric Shirt,ZAVRA,Bamboo,Formal Shirt,Light Blue Ash,M | L | XL,,M | L | XL,800.00,850.00,50.00,3,3,True,Smart Formal Fit,Lightweight | Breathable | Comfortable | Premium stitching | Premium finishing,Office | Business meetings | Formal events | Everyday smart wear,"👔✨ Premium Bamboo Fabric Formal Shirt ✨👔 | | Classic elegance meets everyday comfort. 😎 | | ✔ Premium Bamboo Fabrics | ✔ Lightweight & Breathable | ✔ Comfortable Feel | ✔ Smart Formal Fit | ✔ Premium Stitching & Perfect Finishing | | Perfect for office, business meetings, formal events, and everyday smart wear. Stay cool while looking sharp. ✨ | | 🔥 **Available Now – Limited Stock** | 📩 Oder your favorite color and size! | | What’s app: 01332-476440",https://cdn.shopify.com/s/files/1/0984/3772/6508/files/rn-image_picker_lib_temp_9909c1db-61fa-4ad2-b385-9ef16e9b53f6.jpg?v=1790802487,https://cdn.shopify.com/s/files/1/0984/3772/6508/files/rn-image_picker_lib_temp_9909c1db-61fa-4ad2-b385-9ef16e9b53f6.jpg?v=1790802487,https://zavrabd.myshopify.com/products/cross-fabric-shirt-5,cross-fabric-shirt-5,2026-10-01T04:46:21+06:00,2026-10-09T23:55:22+06:00
15379314508076,Cross Fabric Shirt,ZAVRA,Cross,Formal Shirt,Deep Galaxy Blue,M,L | XL,M | L | XL,700.00,750.00,50.00,1,3,True,Smart Formal Fit,Lightweight | Breathable | Comfortable | Premium stitching | Premium finishing,Office | Business meetings | Formal events | Everyday smart wear,"👔✨ Premium China Cross Fabric Formal Shirt ✨👔 | | Classic elegance meets everyday comfort. 😎 | | ✔ Premium Cross Fabric | ✔ Lightweight & Breathable | ✔ Comfortable Feel | ✔ Smart Formal Fit | ✔ Premium Stitching & Perfect Finishing | | Perfect for office, business meetings, formal events, and everyday smart wear. Stay cool while looking sharp. ✨ | | 🔥 **Available Now – Limited Stock** | 📩 Oder your favorite color and size! | | What’s app: 01332-476440",https://cdn.shopify.com/s/files/1/0984/3772/6508/files/rn-image_picker_lib_temp_960079cf-4564-44f7-b565-a24533b50d9c.jpg?v=1790801945,https://cdn.shopify.com/s/files/1/0984/3772/6508/files/rn-image_picker_lib_temp_960079cf-4564-44f7-b565-a24533b50d9c.jpg?v=1790801945,https://zavrabd.myshopify.com/products/cross-fabric-shirt-4,cross-fabric-shirt-4,2026-10-01T04:43:29+06:00,2026-10-09T23:55:22+06:00
15379312967980,Cross Fabric Shirt,ZAVRA,Cross,Formal Shirt,Lime Green,M | L,XL,M | L | XL,700.00,750.00,50.00,2,3,True,Smart Formal Fit,Lightweight | Breathable | Comfortable | Premium stitching | Premium finishing,Office | Business meetings | Formal events | Everyday smart wear,"👔✨ Premium China Cross Fabric Formal Shirt ✨👔 | | Classic elegance meets everyday comfort. 😎 | | ✔ Premium Cross Fabric | ✔ Lightweight & Breathable | ✔ Comfortable Feel | ✔ Smart Formal Fit | ✔ Premium Stitching & Perfect Finishing | | Perfect for office, business meetings, formal events, and everyday smart wear. Stay cool while looking sharp. ✨ | | 🔥 **Available Now – Limited Stock** | 📩 Oder your favorite color and size! | | What’s app: 01332-476440",https://cdn.shopify.com/s/files/1/0984/3772/6508/files/rn-image_picker_lib_temp_0e7cb4c9-84f3-44ad-aab9-7e4da6d5c9f2.jpg?v=1790801945,https://cdn.shopify.com/s/files/1/0984/3772/6508/files/rn-image_picker_lib_temp_0e7cb4c9-84f3-44ad-aab9-7e4da6d5c9f2.jpg?v=1790801945,https://zavrabd.myshopify.com/products/cross-fabric-shirt-3,cross-fabric-shirt-3,2026-10-01T04:39:03+06:00,2026-10-09T23:55:22+06:00
15379312083244,Cross Fabric Shirt,ZAVRA,Cross,Formal Shirt,White,M | L | XL,,M | L | XL,700.00,750.00,50.00,3,3,True,Smart Formal Fit,Lightweight | Breathable | Comfortable | Premium stitching | Premium finishing,Office | Business meetings | Formal events | Everyday smart wear,"👔✨ Premium China Cross Fabric Formal Shirt ✨👔 | | Classic elegance meets everyday comfort. 😎 | | ✔ Premium Cross Fabric | ✔ Lightweight & Breathable | ✔ Comfortable Feel | ✔ Smart Formal Fit | ✔ Premium Stitching & Perfect Finishing | | Perfect for office, business meetings, formal events, and everyday smart wear. Stay cool while looking sharp. ✨ | | 🔥 **Available Now – Limited Stock** | 📩 Oder your favorite color and size! | | What’s app: 01332-476440",https://cdn.shopify.com/s/files/1/0984/3772/6508/files/rn-image_picker_lib_temp_44e11231-86e7-4ac7-b49e-fbc7df1b8bba.jpg?v=1790801944,https://cdn.shopify.com/s/files/1/0984/3772/6508/files/rn-image_picker_lib_temp_44e11231-86e7-4ac7-b49e-fbc7df1b8bba.jpg?v=1790801944,https://zavrabd.myshopify.com/products/cross-fabric-shirt-2,cross-fabric-shirt-2,2026-10-01T04:35:57+06:00,2026-10-09T23:55:22+06:00
15379309199660,Cross Fabric Shirt,ZAVRA,Cross,Formal Shirt,Dusty Pink,M | L,XL,M | L | XL,700.00,750.00,50.00,2,3,True,Smart Formal Fit,Lightweight | Breathable | Comfortable | Premium stitching | Premium finishing,Office | Business meetings | Formal events | Everyday smart wear,"👔✨ Premium China Cross Fabric Formal Shirt ✨👔 | Classic elegance meets everyday comfort. 😎 | ✔ Premium Cross Fabric | ✔ Lightweight & Breathable | ✔ Comfortable Feel | ✔ Smart Formal Fit | ✔ Premium Stitching & Perfect Finishing | Perfect for office, business meetings, formal events, and everyday smart wear. Stay cool while looking sharp. ✨ | 🔥 **Available Now – Limited Stock** | 📩 Oder your favorite color and size! | | What’s app: 01332-476440",https://cdn.shopify.com/s/files/1/0984/3772/6508/files/rn-image_picker_lib_temp_3fbc7ddd-df21-4ad7-bdd0-28ecfca0f176.jpg?v=1790801945,https://cdn.shopify.com/s/files/1/0984/3772/6508/files/rn-image_picker_lib_temp_3fbc7ddd-df21-4ad7-bdd0-28ecfca0f176.jpg?v=1790801945 | https://cdn.shopify.com/s/files/1/0984/3772/6508/files/rn-image_picker_lib_temp_726832d6-1440-48f9-a795-29b943ce5304.jpg?v=1791405653 | https://cdn.shopify.com/s/files/1/0984/3772/6508/files/rn-image_picker_lib_temp_2687185d-3bd7-4a81-9167-5dc8385d6ab4.jpg?v=1791405655 | https://cdn.shopify.com/s/files/1/0984/3772/6508/files/rn-image_picker_lib_temp_fd0f129d-8011-42fe-a945-e321e770f595.jpg?v=1791405653 | https://cdn.shopify.com/s/files/1/0984/3772/6508/files/rn-image_picker_lib_temp_5ebaf663-b678-4d19-b81e-b249bd7bbd0a.jpg?v=1791405654,https://zavrabd.myshopify.com/products/cross-fabric-shirt-1,cross-fabric-shirt-1,2026-10-01T04:31:04+06:00,2026-10-09T23:55:22+06:00
15379284492588,Chinese Micro Fabric Shirt,ZAVRA,Chinese Micro,Formal Shirt,Deep Maroon,M | XL,L,M | L | XL,600.00,650.00,50.00,2,3,True,Smart Formal Fit,Lightweight | Breathable | Comfortable | Premium stitching | Premium finishing,Office | Business meetings | Formal events | Everyday smart wear,"👔✨ Premium China Micro Fabric Formal Shirt ✨👔 | Classic elegance meets everyday comfort. 😎 | ✔ Premium China Micro Fabric | ✔ Lightweight & Breathable | ✔ Comfortable Feel | ✔ Smart Formal Fit | ✔ Premium Stitching & Perfect Finishing | Perfect for office, business meetings, formal events, and everyday smart wear. Stay cool while looking sharp. ✨ | 🔥 **Available Now – Limited Stock** | 📩 Order your favorite color and size! | What’s app: 01332-476440",https://cdn.shopify.com/s/files/1/0984/3772/6508/files/rn-image_picker_lib_temp_24f760aa-8c56-49b6-8bb4-6a35d9f2c09d.jpg?v=1790800817,https://cdn.shopify.com/s/files/1/0984/3772/6508/files/rn-image_picker_lib_temp_24f760aa-8c56-49b6-8bb4-6a35d9f2c09d.jpg?v=1790800817 | https://cdn.shopify.com/s/files/1/0984/3772/6508/files/rn-image_picker_lib_temp_078dabfe-95a1-42e3-943a-7acb14f05a11.jpg?v=1791195750 | https://cdn.shopify.com/s/files/1/0984/3772/6508/files/rn-image_picker_lib_temp_c16d9bf3-1f75-4077-b676-8c5122ecfdd6.jpg?v=1791195750 | https://cdn.shopify.com/s/files/1/0984/3772/6508/files/rn-image_picker_lib_temp_a8e0f013-33c1-450f-8b10-4fd100957291.jpg?v=1791195750,https://zavrabd.myshopify.com/products/chinese-micro-fabric-shirt-2,chinese-micro-fabric-shirt-2,2026-10-01T03:28:57+06:00,2026-10-09T23:55:22+06:00
15379283050796,Chinese Micro Fabric Shirt,ZAVRA,Chinese Micro,Formal Shirt,White,M | L | XL,,M | L | XL,600.00,650.00,50.00,3,3,True,Smart Formal Fit,Lightweight | Breathable | Comfortable | Premium stitching | Premium finishing,Office | Business meetings | Formal events | Everyday smart wear,"👔✨ Premium China Micro Fabric Formal Shirt ✨👔 | Classic elegance meets everyday comfort. 😎 | ✔ Premium China Micro Fabric | ✔ Lightweight & Breathable | ✔ Comfortable Feel | ✔ Smart Formal Fit | ✔ Premium Stitching & Perfect Finishing | Perfect for office, business meetings, formal events, and everyday smart wear. Stay cool while looking sharp. ✨ | 🔥 **Available Now – Limited Stock** | 📩 Order your favorite color and size! | What’s app: 01332-476440",https://cdn.shopify.com/s/files/1/0984/3772/6508/files/11007.jpg?v=1790801012,https://cdn.shopify.com/s/files/1/0984/3772/6508/files/11007.jpg?v=1790801012 | https://cdn.shopify.com/s/files/1/0984/3772/6508/files/rn-image_picker_lib_temp_61fa7946-825f-4750-a662-7627f612ca90.jpg?v=1791372423 | https://cdn.shopify.com/s/files/1/0984/3772/6508/files/rn-image_picker_lib_temp_e66d0248-cea8-46ca-9e21-0ae027ad5af6.jpg?v=1791372423 | https://cdn.shopify.com/s/files/1/0984/3772/6508/files/rn-image_picker_lib_temp_89396cdf-9c45-4ef6-a31b-cbe55cf77bfa.jpg?v=1791372423 | https://cdn.shopify.com/s/files/1/0984/3772/6508/files/rn-image_picker_lib_temp_3b19285b-1e17-40ff-b187-8291eb5f1060.jpg?v=1791372423 | https://cdn.shopify.com/s/files/1/0984/3772/6508/files/rn-image_picker_lib_temp_babfc445-502a-4578-b0f7-3c7fedf31216.jpg?v=1791372423,https://zavrabd.myshopify.com/products/%F0%9F%91%94%E2%9C%A8-premium-china-micro-fabric-formal-shirt-%E2%9C%A8%F0%9F%91%94,👔✨-premium-china-micro-fabric-formal-shirt-✨👔,2026-10-01T03:25:17+06:00,2026-10-09T23:55:22+06:00
15379280462124,Chinese Micro Fabric Shirt,ZAVRA,Chinese Micro,Formal Shirt,Black,M | L,XL,M | L | XL,600.00,650.00,50.00,2,3,True,Smart Formal Fit,Lightweight | Breathable | Comfortable | Premium stitching | Premium finishing,Office | Business meetings | Formal events | Everyday smart wear,"👔✨ Premium China Micro Fabric Formal Shirt ✨👔 | Classic elegance meets everyday comfort. 😎 | ✔ Premium China Micro Fabric | ✔ Lightweight & Breathable | ✔ Comfortable Feel | ✔ Smart Formal Fit | ✔ Premium Stitching & Perfect Finishing | Perfect for office, business meetings, formal events, and everyday smart wear. Stay cool while looking sharp. ✨ | 🔥 **Available Now – Limited Stock** | 📩 Oder your favorite color and size! | What’s app: 01332-476440",https://cdn.shopify.com/s/files/1/0984/3772/6508/files/10954.jpg?v=1790801012,https://cdn.shopify.com/s/files/1/0984/3772/6508/files/10954.jpg?v=1790801012 | https://cdn.shopify.com/s/files/1/0984/3772/6508/files/rn-image_picker_lib_temp_b1312e26-c14c-445c-b9e0-52a4bc4ec085.jpg?v=1791195385 | https://cdn.shopify.com/s/files/1/0984/3772/6508/files/rn-image_picker_lib_temp_ca2a58d9-92a6-4880-8acd-0340cd9877e8.jpg?v=1791195385 | https://cdn.shopify.com/s/files/1/0984/3772/6508/files/rn-image_picker_lib_temp_78a7aaca-6c28-4561-90d1-463607eefc2c.jpg?v=1791195385 | https://cdn.shopify.com/s/files/1/0984/3772/6508/files/rn-image_picker_lib_temp_e8e625b3-70fe-41a8-9bea-576c77e64db8.jpg?v=1791195385,https://zavrabd.myshopify.com/products/chinese-micro-fabric-shirt-1,chinese-micro-fabric-shirt-1,2026-10-01T03:17:40+06:00,2026-10-09T23:55:22+06:00
15379275841836,Bamboo Fabric Shirt,ZAVRA,Bamboo,Formal Shirt,Light Blue,M | L,XL,M | L | XL,800.00,850.00,50.00,2,3,True,Smart Formal Fit,Lightweight | Breathable | Comfortable | Premium stitching | Premium finishing,Office | Business meetings | Formal events | Everyday smart wear,"👔✨ Premium Bamboo Fabric Formal Shirt ✨👔 | Classic elegance meets everyday comfort. 😎 | ✔ Premium Bamboo Fabric | ✔ Lightweight & Breathable | ✔ Comfortable Feel | ✔ Smart Formal Fit | ✔ Premium Stitching & Perfect Finishing | Perfect for office, business meetings, formal events, and everyday smart wear. Stay cool while looking sharp. ✨ | 🔥 **Available Now – Limited Stock** | 📩 Oder your favorite color and size! | What’s app: 01332-476440",https://cdn.shopify.com/s/files/1/0984/3772/6508/files/rn-image_picker_lib_temp_54f601a6-e40f-42a4-a28b-d01d7037bc94.jpg?v=1790802487,https://cdn.shopify.com/s/files/1/0984/3772/6508/files/rn-image_picker_lib_temp_54f601a6-e40f-42a4-a28b-d01d7037bc94.jpg?v=1790802487,https://zavrabd.myshopify.com/products/bamboo-fabric-shirt,bamboo-fabric-shirt,2026-10-01T03:12:20+06:00,2026-10-09T23:55:22+06:00
15379273515308,Cross Fabric Shirt,ZAVRA,Cross,Formal Shirt,Deep Maroon,M | L,XL,M | L | XL,700.00,750.00,50.00,2,3,True,Smart Formal Fit,Lightweight | Breathable | Comfortable | Premium stitching | Premium finishing,Office | Business meetings | Formal events | Everyday smart wear,"👔✨ Premium China Cross Fabric Formal Shirt ✨👔 | Classic elegance meets everyday comfort. 😎 | ✔ Premium Cross Fabric | ✔ Lightweight & Breathable | ✔ Comfortable Feel | ✔ Smart Formal Fit | ✔ Premium Stitching & Perfect Finishing | Perfect for office, business meetings, formal events, and everyday smart wear. Stay cool while looking sharp. ✨ | 🔥 **Available Now – Limited Stock** | 📩 Oder your favorite color and size! | What’s app: 01332-476440",https://cdn.shopify.com/s/files/1/0984/3772/6508/files/rn-image_picker_lib_temp_18e513a6-4bdd-42c3-88cd-335178b1797d.jpg?v=1790801945,https://cdn.shopify.com/s/files/1/0984/3772/6508/files/rn-image_picker_lib_temp_18e513a6-4bdd-42c3-88cd-335178b1797d.jpg?v=1790801945,https://zavrabd.myshopify.com/products/cross-fabric-shirt,cross-fabric-shirt,2026-10-01T03:07:07+06:00,2026-10-09T23:55:22+06:00
15379254706476,Chinese Micro Fabric Shirt,ZAVRA,Chinese Micro,Formal Shirt,Dark Green,M | L,XL,M | L | XL,600.00,650.00,50.00,2,3,True,Smart Formal Fit,Lightweight | Breathable | Comfortable | Premium stitching | Premium finishing,Office | Business meetings | Formal events | Everyday smart wear,"👔✨ Premium China Micro Fabric Formal Shirt ✨👔 | Classic elegance meets everyday comfort. 😎 | ✔ Premium China Micro Fabric | ✔ Lightweight & Breathable | ✔ Comfortable Feel | ✔ Smart Formal Fit | ✔ Premium Stitching & Perfect Finishing | Perfect for office, business meetings, formal events, and everyday smart wear. Stay cool while looking sharp. ✨ | | 🔥 **Available Now – Limited Stock** | 📩 Order your favorite color and size! | What’s app: 01332-476440",https://cdn.shopify.com/s/files/1/0984/3772/6508/files/10941.jpg?v=1790801012,https://cdn.shopify.com/s/files/1/0984/3772/6508/files/10941.jpg?v=1790801012 | https://cdn.shopify.com/s/files/1/0984/3772/6508/files/rn-image_picker_lib_temp_e1c248ac-582c-4989-84bb-31788522a45d.jpg?v=1791195842 | https://cdn.shopify.com/s/files/1/0984/3772/6508/files/rn-image_picker_lib_temp_8d76aa1d-6063-47a7-82b0-144dc729f13d.jpg?v=1791195841 | https://cdn.shopify.com/s/files/1/0984/3772/6508/files/rn-image_picker_lib_temp_e3746711-e8d1-4a15-967f-b142f4d401fc.jpg?v=1791195841,https://zavrabd.myshopify.com/products/chinese-micro-fabric-shirt,chinese-micro-fabric-shirt,2026-10-01T02:47:19+06:00,2026-10-09T23:55:22+06:00
